{
  "timestamp": 1770010877.1849303,
  "total_tests": 13,
  "passed": 11,
  "failed": 2,
  "pass_rate": 0.8461538461538461,
  "elapsed_time": 0.08198165893554688,
  "verdict": "PASS"
}